INDEX_NR,INCIDENT_DATE,INCIDENT_MONTH,INCIDENT_YEAR,TIME,TIME_OF_DAY,AIRPORT_ID,AIRPORT,LATITUDE,LONGITUDE,RUNWAY,STATE,FAAREGION,LOCATION,ENROUTE_STATE,OPID,OPERATOR,REG,FLT,AIRCRAFT,AMA,AMO,EMA,EMO,AC_CLASS,AC_MASS,TYPE_ENG,NUM_ENGS,ENG_1_POS,ENG_2_POS,ENG_3_POS,ENG_4_POS,PHASE_OF_FLIGHT,HEIGHT,SPEED,DISTANCE,SKY,PRECIPITATION,AOS,COST_REPAIRS,COST_OTHER,COST_REPAIRS_INFL_ADJ,COST_OTHER_INFL_ADJ,INGESTED_OTHER,INDICATED_DAMAGE,DAMAGE_LEVEL,STR_RAD,DAM_RAD,STR_WINDSHLD,DAM_WINDSHLD,STR_NOSE,DAM_NOSE,STR_ENG1,DAM_ENG1,ING_ENG1,STR_ENG2,DAM_ENG2,ING_ENG2,STR_ENG3,DAM_ENG3,ING_ENG3,STR_ENG4,DAM_ENG4,ING_ENG4,STR_PROP,DAM_PROP,STR_WING_ROT,DAM_WING_ROT,STR_FUSE,DAM_FUSE,STR_LG,DAM_LG,STR_TAIL,DAM_TAIL,STR_LGHTS,DAM_LGHTS,STR_OTHER,DAM_OTHER,OTHER_SPECIFY,EFFECT,EFFECT_OTHER,BIRD_BAND_NUMBER,SPECIES_ID,SPECIES,REMARKS,REMAINS_COLLECTED,REMAINS_SENT,WARNED,NUM_SEEN,NUM_STRUCK,SIZE,NR_INJURIES,NR_FATALITIES,COMMENTS,REPORTED_NAME,REPORTED_TITLE,SOURCE,PERSON,LUPDATE,TRANSFER
608242,6/22/1996,6,1996,,,KSMF,SACRAMENTO INTL,38.69542,-121.59077,,CA,AWP,,,UAL,UNITED AIRLINES,,1768,B-737-300,148,24,10.0,1.0,A,4.0,D,2.0,1.0,1.0,,,Take-off Run,0.0,,0.0,,,,,,,,False,False,,False,False,False,False,True,False,False,False,False,False,False,False,False,False,False,False,False,False,False,False,False,False,False,False,False,False,False,False,False,False,False,False,,,,,UNKBM,Unknown bird - medium,BLOOD ON L FWD NOSE AREA SEEN BY CREW AFTER LDG.,False,False,Unknown,,1,Medium,,,/Legacy Record=100001/,REDACTED,REDACTED,Air Transport Report,Air Transport Operations,12/20/2007,False
608243,6/26/1996,6,1996,,,KDEN,DENVER INTL AIRPORT,39.85841,-104.667,,CO,ANM,,,UAL,UNITED AIRLINES,,1845,B-737-300,148,24,10.0,1.0,A,4.0,D,2.0,1.0,1.0,,,Take-off Run,0.0,,0.0,,,,,,,,False,False,,False,False,False,False,False,False,True,False,False,False,False,False,False,False,False,False,False,False,False,False,False,False,False,False,False,False,False,False,False,False,False,False,,,,,UNKBM,Unknown bird - medium,CREW SUSPECTED BIRDSTRIKE ON T/O. LOOKED LIKE IT MIGHT HAVE HIT L ENG. LOGBOOK ENTRY. NOTIFIED DISPATCH.,False,False,Unknown,,1,Medium,,,/Legacy Record=100002/,REDACTED,REDACTED,Air Transport Report,Air Transport Operations,12/20/2007,False
608244,7/1/1996,7,1996,,,KOMA,EPPLEY AIRFIELD,41.30252,-95.89417,,NE,ACE,,,UAL,UNITED AIRLINES,,306,B-757-200,148,26,34.0,40.0,A,4.0,D,2.0,1.0,1.0,,,Take-off Run,0.0,,0.0,,,,,,,,False,False,N,False,False,False,False,False,False,False,False,False,True,False,False,False,False,False,False,False,False,False,False,False,False,False,False,False,False,False,False,False,False,False,False,,,,,UNKBM,Unknown bird - medium,BIRDSTRIKE AT ROTATION. INSPN. NO DMG.,False,False,Unknown,,1,Medium,,,/Legacy Record=100003/,REDACTED,REDACTED,Air Transport Report,Air Transport Operations,12/20/2007,False
608245,7/1/1996,7,1996,,,KIAD,WASHINGTON DULLES INTL ARPT,38.94453,-77.45581,,DC,AEA,,,UAL,UNITED AIRLINES,,510,A-320,04A,03,23.0,1.0,A,4.0,D,2.0,1.0,1.0,,,Approach,1000.0,,,,,,,,,,False,False,N,False,False,False,False,False,False,False,False,False,False,False,False,False,False,False,False,False,False,False,False,False,False,True,False,False,False,False,False,False,False,False,False,,,,,UNKBM,Unknown bird - medium,"ON FINAL APCH, STRIKE UNDER THE NOSE OF THE COCKPIT. NO DAMAGE. LOGBOOK ENTRY. MX INSPN.",False,False,Unknown,,1,Medium,,,/Legacy Record=100004/,REDACTED,REDACTED,Air Transport Report,Air Transport Operations,12/20/2007,False
608246,7/1/1996,7,1996,,,KLGA,LA GUARDIA ARPT,40.77724,-73.87261,,NY,AEA,,,UAL,UNITED AIRLINES,,677,A-320,04A,03,23.0,1.0,A,4.0,D,2.0,1.0,1.0,,,Climb,5000.0,,,,,,,,,,True,True,M,False,False,False,False,False,False,True,False,False,False,False,False,False,False,False,False,False,False,False,False,False,False,True,True,False,False,False,False,False,False,False,False,,,,,UNKBM,Unknown bird - medium,"LOUD NOISE WAS HEARD DURING CLIMBOUT THAT SOUNDED LIKE A POSSIBLE BIRDSTRIKE.  ABOUT 2 MINS LATER, A SMELL WAS NOTIED FROM AIRVENTS IN COCKPIT. MX FOUND  HAND-SIZED DENT ON R SIDE OF COCKPIT.",False,False,Unknown,,1,Medium,,,/Legacy Record=100005/,REDACTED,REDACTED,Air Transport Report,Air Transport Operations,12/20/2007,False
608247,5/6/1991,5,1991,,Day,KSAT,SAN ANTONIO INTL,29.53369,-98.46978,3,TX,ASW,,,AAL,AMERICAN AIRLINES,N977AA,,B-727-100,148,10,34.0,10.0,A,4.0,D,3.0,5.0,6.0,5.0,,Take-off Run,0.0,100.0,0.0,No Cloud,None,,,,,,False,False,N,True,False,False,False,False,False,False,False,False,False,False,False,False,False,False,False,False,False,False,False,False,False,False,False,False,False,False,False,False,False,False,False,,None,,,UNKBM,Unknown bird - medium,NO DAMAGE/INJURY. TIME = 1125 GMT,False,False,No,1,1,Medium,,,SOURCE = FAA FROM 3830 /Legacy Record=100006/,REDACTED,REDACTED,Other,Pilot,11/21/1997,False
608248,11/5/1993,11,1993,,Dawn,KMCI,KANSAS CITY INTL,39.29761,-94.71391,1L,MO,ACE,,,AMW,AIR MIDWEST,,,BE-1900,123,27,31.0,4.0,A,3.0,C,2.0,4.0,4.0,,,Approach,1500.0,220.0,,Overcast,None,,,,,,False,True,M?,False,False,True,False,False,False,False,False,False,True,False,False,False,False,False,False,False,False,True,True,True,True,False,False,False,False,False,False,False,False,True,False,,None,,,UNKBM,Unknown bird - medium,ATIS WARNING. STRUCK NUMEROUS OTHER PARTS OF A/C. TIME = 1245UTC.,False,False,Yes,More than 100,11-100,Medium,,,"THIS MAY BE DUPL STRIKE FOR AIR MIDWEST, BUT TIMES ARE VERY DIFFERENT /Legacy Record=100007/",REDACTED,REDACTED,FAA Form 5200-7,,5/13/1998,False
608249,7/2/1995,7,1995,,,KMCI,KANSAS CITY INTL,39.29761,-94.71391,,MO,ACE,,,UAL,UNITED AIRLINES,,484,B-737-500,148,33,10.0,1.0,A,4.0,D,2.0,1.0,1.0,,,Landing Roll,0.0,,0.0,,,,,,,,False,False,N,False,False,True,False,True,False,False,False,False,False,False,False,False,False,False,False,False,False,False,False,False,False,False,False,False,False,False,False,False,False,False,False,,,,,UNKBM,Unknown bird - medium,"STRIKE ON NOSE IMMEDIATELY AFTER LANDING. STRUCK NOSE, BOUNCED OFF WINDSHIELD AND WENT OVER THE TOP OF THE A/C. NO VISIBLE SIGNS OF DAMAGE.",False,False,Unknown,,1,Medium,,,/Legacy Record=100008/,REDACTED,REDACTED,Air Transport Report,Air Transport Operations,12/20/2007,False
608250,9/19/1990,9,1990,,Day,KDFW,DALLAS/FORT WORTH INTL ARPT,32.89595,-97.0372,,TX,ASW,,,AAL,AMERICAN AIRLINES,,,MD-80,583,37,34.0,10.0,A,4.0,D,2.0,5.0,5.0,,,Approach,100.0,135.0,,Some Cloud,None,,,,,,False,False,,False,False,False,False,False,False,False,False,False,False,False,False,False,False,False,False,False,False,False,False,False,False,False,False,False,False,False,False,False,False,False,False,,,,,UNKBS,Unknown bird - small,HIT 2. SPARROW OR OTHER SMALL SIZE BIRD. NO DAMAGE.,False,False,No,2-10,2-10,Small,,,/Legacy Record=100009/,REDACTED,REDACTED,FAA Form 5200-7,Pilot,1/21/1999,False
608251,5/3/1992,5,1992,,Day,KSJC,NORMAN Y. MINETA SAN JOSE INTL ARPT,37.36186,-121.92901,30L,CA,AWP,,,WWM,WINGS WEST,N690NE,,MERLIN IV,915,95,19.0,4.0,A,2.0,C,2.0,4.0,4.0,,,Landing Roll,0.0,,0.0,Some Cloud,None,,,,,,False,False,N,True,False,False,False,False,False,False,False,False,False,False,False,False,False,False,False,False,False,False,False,False,False,False,False,False,False,False,False,False,False,False,False,,None,,,Z6007,American robin,NO DAMAGE,False,False,Yes,1,1,Small,,,A/C = FAIRCHILD METRO II (5/8/14 UPDATED A/C) /Legacy Record=100010/,REDACTED,REDACTED,FAA Form 5200-7,,5/8/2014,False
608253,8/7/1990,8,1990,20:25,Night,KSTL,LAMBERT-ST LOUIS INTL,38.74769,-90.35999,,MO,ACE,,,PVT,PRIVATELY OWNED,,,C-152,226,36,7.0,,A,1.0,A,1.0,7.0,,,,Climb,200.0,70.0,,No Cloud,None,,,,,,False,True,M,False,False,False,False,False,False,False,False,False,False,False,False,False,False,False,False,False,False,False,False,False,False,False,False,False,False,False,False,True,True,False,False,,,,,UNKBL,Unknown bird - large,LANDING LIGHT KNOCKED OUT. TOOK EVASIVE ACTION. (DATA ENTRY NOTE: BIRD REPTD AS CRANE),False,False,No,1,1,Large,,,OPER = DOUG HANN (3/1/12 UPDATED ID) /Legacy Record=100012/,REDACTED,REDACTED,FAA Form 5200-7,,3/1/2012,False
608254,9/7/1990,9,1990,,Day,KAGS,AUGUSTA REGIONAL ARPT AT BUSH FLD,33.36996,-81.9645,,GA,ASO,,,UNKC,UNKNOWN COMMERCIAL,,,DC-9,583,90,34.0,10.0,A,4.0,D,2.0,5.0,5.0,,,Landing Roll,0.0,100.0,0.0,No Cloud,Fog,,,,,,False,False,N,False,False,False,False,False,False,False,False,False,False,False,False,False,False,False,False,False,False,False,False,False,False,False,False,False,False,False,False,False,False,False,False,,,,,UNKBS,Unknown bird - small,NO DAMAGE. VIZ 3 FOG HAZE,False,False,No,2-10,2-10,Small,,,OPER = TR BENTLEY PROBABLY PILOT FOR COMMERICAL AIRLINE (7/17/13 UPDATED OPER) /Legacy Record=100013/,REDACTED,REDACTED,FAA Form 5200-7,Pilot,7/17/2013,False
608255,4/14/1995,4,1995,,Day,KAEX,ALEXANDRIA INTL,31.32737,-92.54856,14,LA,ASW,,,PVT,PRIVATELY OWNED,N6593L,,C-152,226,36,7.0,7.0,A,1.0,A,1.0,7.0,,,,Approach,200.0,65.0,,No Cloud,None,,,,,,False,False,N,False,False,False,False,False,False,False,False,False,False,False,False,False,False,False,False,False,False,False,False,True,False,False,False,False,False,False,False,False,False,False,False,,None,,,ZT1,Blackbirds,NO DAMAGE,False,False,No,1,1,Small,,,OPERATOR = CHRIS ROGERS /Legacy Record=100014/,REDACTED,REDACTED,FAA Form 5200-7,Pilot,6/1/1998,False
608256,12/8/1993,12,1993,,Day,KDFW,DALLAS/FORT WORTH INTL ARPT,32.89595,-97.0372,18R,TX,ASW,,,AAL,AMERICAN AIRLINES,,,MD-11,583,39,22.0,7.0,A,4.0,D,3.0,1.0,6.0,1.0,,Landing Roll,0.0,120.0,0.0,Overcast,Fog,,,,,,False,False,N,False,False,False,False,True,False,False,False,False,False,False,False,False,False,False,False,False,False,False,False,False,False,False,False,False,False,False,False,False,False,False,False,,None,,,UNKBS,Unknown bird - small,NO APPARENT DAMAGE.,False,False,No,1,1,Small,,,/Legacy Record=100015/,REDACTED,REDACTED,FAA Form 5200-7,Pilot,5/14/1998,False
608257,9/1/1994,9,1994,,Dawn,KSYR,SYRACUSE HANCOCK INTL,43.11119,-76.10631,28,NY,AEA,,,DAL,DELTA AIR LINES,N332DL,,B-737-200,148,13,34.0,10.0,A,4.0,D,2.0,1.0,1.0,,,Climb,100.0,160.0,,Overcast,Rain,,,,,,False,False,N,False,False,False,False,False,False,False,False,False,False,False,False,False,False,False,False,False,False,False,False,False,False,True,False,False,False,False,False,False,False,False,False,,None,,,NE1,Gulls,,False,False,Yes,2-10,1,Medium,,,A/C = B-737-232 /Legacy Record=100016/,REDACTED,REDACTED,FAA Form 5200-7,Pilot,5/28/1998,False
608258,9/17/1990,9,1990,,Dawn,KPTK,OAKLAND COUNTY INTL,42.6652,-83.41871,27R,MI,AGL,,,UNK,UNKNOWN,,,C-182,226,11,,,A,1.0,A,1.0,7.0,,,,Take-off Run,0.0,,0.0,No Cloud,None,,,,,,False,False,N,False,False,False,False,False,False,True,False,False,False,False,False,False,False,False,False,False,False,True,False,False,False,False,False,False,False,False,False,False,False,False,False,,None,,,O2205,Mourning dove,2 BIRDS.,False,False,Yes,,2-10,Small,,,/Legacy Record=100017/,REDACTED,REDACTED,FAA Form 5200-7,Airport Operations,1/12/1999,False
608259,7/13/1990,7,1990,,Day,KLAX,LOS ANGELES INTL,33.94254,-118.40807,,CA,AWP,,,ASA,ALASKA AIRLINES,,,MD-80,583,37,34.0,10.0,A,4.0,D,2.0,5.0,5.0,,,Landing Roll,0.0,125.0,0.0,Some Cloud,None,,,,,,False,False,N,False,False,False,False,False,False,False,False,False,False,False,False,False,False,False,False,False,False,False,False,False,False,False,False,False,False,False,False,False,False,False,False,,,,,K5114,American kestrel,NO DAMAGE,False,False,No,1,1,Small,,,/Legacy Record=100018/,REDACTED,REDACTED,FAA Form 5200-7,Pilot,3/19/2002,False
608260,3/28/1991,3,1991,,Day,KHOU,WILLIAM P HOBBY ARPT,29.64542,-95.27889,,TX,ASW,,,SWA,SOUTHWEST AIRLINES,,,B-737-300,148,24,10.0,1.0,A,4.0,D,2.0,1.0,1.0,,,Climb,250.0,160.0,,Some Cloud,None,,,,,,False,False,N,False,False,False,False,False,False,False,False,False,False,False,False,False,False,False,False,False,False,False,False,False,False,False,False,False,False,False,False,False,False,False,False,,,,,UNKBM,Unknown bird - medium,DAMAGE TO A/C.,False,False,No,,1,Medium,,,/Legacy Record=100019/,REDACTED,REDACTED,FAA Form 5200-7,,5/12/2003,False
608261,4/28/1995,4,1995,,,KSFO,SAN FRANCISCO INTL ARPT,37.619,-122.37484,,CA,AWP,,,UAL,UNITED AIRLINES,,36,B-757-200,148,26,34.0,40.0,A,4.0,D,2.0,1.0,1.0,,,Take-off Run,0.0,140.0,0.0,,,,,,,,True,True,S,False,False,False,False,False,False,True,True,False,True,True,False,False,False,False,False,False,False,False,False,False,False,True,False,False,True,False,False,False,False,False,False,,Aborted Take-off,,,UNKBM,Unknown bird - medium,"T/O WAS ABORTED BEFORE V1 AFTER 15-20 BIRDS WERE STRUCK. HIGH SPEED ABORT. NUMEROUS STRIKES TO AIRFRAME AND ENGINES. MX REPLACED: #1, 2, 3 & 4 TIRES, WHEELS AND BRAKE ASSEMBLIES.  #1 ENGINE REMOVED FOR INSTALL OF 7 SETS OF FAN BLADES. TWO SETS OF FAN BLADES REPLACED ON #2 ENGINE.",False,False,Unknown,,11-100,Medium,,,SOURCE = BOEING & AIRLINE (7-13-09 UPDATED BY COMBINING DUPLICATE REPORTS) /Legacy Record=100020/,REDACTED,REDACTED,Multiple,Air Transport Operations,7/13/2009,False
608262,5/25/1990,5,1990,,Day,KMDW,CHICAGO MIDWAY INTL ARPT,41.78598,-87.75242,,IL,AGL,,,MDW,MIDWAY AIRLINES,,,B-737,148,95,34.0,,A,4.0,D,2.0,1.0,1.0,,,Landing Roll,0.0,100.0,0.0,Overcast,Rain,,,,,,False,False,N,False,False,False,False,False,False,False,False,False,False,False,False,False,False,False,False,False,False,False,False,False,False,False,False,False,False,False,False,False,False,False,False,,,,,NE1,Gulls,NO DAMAGE. FLT 773.,False,False,No,,1,Medium,,,/Legacy Record=100021/,REDACTED,REDACTED,FAA Form 5200-7,Tower,3/8/1999,False
608263,2/5/1991,2,1991,,Dusk,KSMF,SACRAMENTO INTL,38.69542,-121.59077,34R,CA,AWP,,,BUS,BUSINESS,N1224T,,C-425,226,40,31.0,4.0,A,2.0,C,2.0,4.0,4.0,,,Approach,100.0,120.0,,No Cloud,,,,,,,False,False,N,True,False,False,False,False,False,False,False,False,False,False,False,False,False,False,False,False,False,False,False,False,False,False,False,True,False,False,False,False,False,False,False,,None,,,UNKBS,Unknown bird - small,"NO DAMAGE. BIRD WAS SMALL, BROWN WITH BLK & WHT FEATHERS",False,False,Yes,,1,Small,,,OPERATOR = GRASS VALLEY GROUP INC /Legacy Record=100022/,REDACTED,REDACTED,FAA Form 5200-7,,5/28/1998,False
608265,11/25/1991,11,1991,,,KHUF,TERRE HAUTE INTL ARPT-HULMAN FIELD,39.45146,-87.30756,23,IN,AGL,,,CKT,CALEDONIAN AIRWAYS,N54378,,C-152,226,36,7.0,7.0,A,1.0,A,1.0,7.0,,,,Approach,900.0,70.0,,No Cloud,None,,,,,,False,False,N,False,False,False,False,False,False,False,False,False,False,False,False,False,False,False,False,False,False,False,False,True,False,False,False,False,False,False,False,False,False,False,False,,Precautionary Landing,,,UNKBM,Unknown bird - medium,"APPEARS NO DAMAGE, WILL BE LOOKED AT LATER.",False,False,No,,1,Medium,,,OPERATOR = AMERICAN TRANS AIR TRAINING (ROBERT A HARTMAN JR) /Legacy Record=100024/,REDACTED,REDACTED,FAA Form 5200-7,,8/3/1998,False
608266,10/9/1990,10,1990,,Day,KBUF,BUFFALO-NIAGARA INTL,42.94052,-78.73217,,NY,AEA,,,USA,1US AIRWAYS,,,B-737,148,95,,,A,4.0,D,2.0,1.0,1.0,,,Climb,300.0,180.0,,Overcast,Rain,,,,,,False,False,N,False,False,False,False,False,False,False,False,False,False,False,False,False,False,False,False,False,False,False,False,False,False,False,False,False,False,False,False,False,False,False,False,,,,,O2111,Rock pigeon,NO DAMAGE. FLT 47.,False,False,Yes,,2-10,Small,,,/Legacy Record=100025/,REDACTED,REDACTED,FAA Form 5200-7,Pilot,12/21/1998,False
608267,9/10/1990,9,1990,,Night,KLGA,LA GUARDIA ARPT,40.77724,-73.87261,,NY,AEA,,,AAL,AMERICAN AIRLINES,,,MD-80,583,37,34.0,10.0,A,4.0,D,2.0,5.0,5.0,,,Approach,2000.0,160.0,,Some Cloud,None,,,,,,False,False,N,False,False,True,False,False,False,False,False,False,False,False,False,False,False,False,False,False,False,False,False,False,False,False,False,False,False,False,False,False,False,False,False,,,,,UNKBS,Unknown bird - small,"HIT CAPT'S WINDSHLD, NO APPARENT DAMAGE.",False,False,No,,1,Small,,,/Legacy Record=100026/,REDACTED,REDACTED,FAA Form 5200-7,Pilot,1/11/1999,False
608268,10/18/1991,10,1991,,Day,KDEN*,DENVER STAPLETON ARPT,39.8584,-104.767,26R,CO,ANM,,,BTA,EXPRESSJET (CONTINENTAL EXPRS),,,ATR-42,097,01,31.0,10.0,A,3.0,C,2.0,4.0,4.0,,,Approach,1200.0,,4.0,,,,,,,,False,True,S,False,False,False,False,False,False,False,False,False,False,False,False,False,False,False,False,False,False,False,False,True,True,False,False,False,False,True,True,False,False,True,True,Flap,,,,J2204,Canada goose,"FLT 2209. TIME = 1826LCL.  HIT FLOCK OF GEESE 4NM OUT. 15"" HOLE  IN RT AIR COND. PACK FERRING & DAMAGE TO RT INBOARD FLAP & VETT.  STAB. LANDED W/O FURTHER INCID. BIRDS REPTD AS GEESE, ASSUME CAGO FROM DATE AND LOCATION",False,False,Unknown,2-10,2-10,Large,,,/Legacy Record=100027/,REDACTED,REDACTED,AC Incident Rept,Tower,5/19/2005,False
608270,10/10/1990,10,1990,,,KDFW,DALLAS/FORT WORTH INTL ARPT,32.89595,-97.0372,,TX,ASW,,,AAL,AMERICAN AIRLINES,,,B-757-200,148,26,37.0,37.0,A,4.0,D,2.0,1.0,1.0,,,Approach,600.0,130.0,,Overcast,None,,,,,,False,False,N,False,False,False,False,False,False,False,False,False,False,False,False,False,False,False,False,False,False,False,False,False,False,False,False,False,False,False,False,False,False,False,False,,,,,UNKBS,Unknown bird - small,NO DAMAGE,False,False,No,,1,Small,,,/Legacy Record=100029/,REDACTED,REDACTED,FAA Form 5200-7,,12/21/1998,False
608271,5/5/1991,5,1991,,Day,KDAL,DALLAS LOVE FIELD ARPT,32.84711,-96.85177,,TX,ASW,,,UNKC,UNKNOWN COMMERCIAL,,,B-737-500,148,33,10.0,1.0,A,4.0,D,2.0,1.0,1.0,,,Approach,2000.0,170.0,,No Cloud,None,,,,,,False,False,N,False,False,False,False,False,False,False,False,False,False,False,False,False,False,False,False,False,False,False,False,False,False,False,False,False,False,False,False,False,False,False,False,,,,,UNKBM,Unknown bird - medium,NO DAMAGE/INJURY,False,False,No,1,1,Medium,,,PROBABLY AIRLINE BUT PILOT ENTERED OWN NAME. (7/17/13 UPDATED OPER) /Legacy Record=100030/,REDACTED,REDACTED,FAA Form 5200-7,,7/17/2013,False
608272,5/21/1996,5,1996,,,KCLE,CLEVELAND-HOPKINS INTL ARPT,41.41089,-81.8494,,OH,AGL,,,UAL,UNITED AIRLINES,,515,B-757-200,148,26,34.0,40.0,A,4.0,D,2.0,1.0,1.0,,,Climb,100.0,,,,,,,,,,False,False,N,False,False,True,False,False,False,False,False,False,False,False,False,False,False,False,False,False,False,False,False,False,False,False,False,False,False,False,False,False,False,False,False,,,,,UNKBM,Unknown bird - medium,JUST AFTER LIFTOFF & WHEEL RETRACTION. BIRD HIT F/O SIDE WINDOW. NO DMG.,False,False,Unknown,,1,Medium,,,/Legacy Record=100031/,REDACTED,REDACTED,Air Transport Report,Air Transport Operations,12/20/2007,False
608273,2/22/1990,2,1990,,Night,KIAD,WASHINGTON DULLES INTL ARPT,38.94453,-77.45581,,DC,AEA,,,FDX,FEDEX EXPRESS,,,B-727,148,94,34.0,10.0,A,4.0,D,3.0,5.0,6.0,5.0,,Approach,2000.0,190.0,,No Cloud,None,,,,,,False,False,N,False,False,False,False,False,False,False,False,False,False,False,False,False,False,False,False,False,False,False,False,False,False,False,False,False,False,False,False,False,False,False,False,,,,,UNKBL,Unknown bird - large,FLT 978 NO DAMAGE/INJURY,False,False,No,,1,Large,,,/Legacy Record=100032/,REDACTED,REDACTED,FAA Form 5200-7,Pilot,3/9/1999,False
608274,10/15/1990,10,1990,,Night,KMIE,DELAWARE COUNTY REGIONAL ARPT,40.24235,-85.39586,,IN,AGL,,,PVT,PRIVATELY OWNED,,,C-172,226,07,7.0,10.0,A,1.0,A,1.0,7.0,,,,Approach,200.0,70.0,,No Cloud,None,,,,,,False,False,N,False,False,False,False,False,False,False,False,False,False,False,False,False,False,False,False,False,False,False,False,False,False,False,False,False,False,False,False,False,False,False,False,,,,,UNKBS,Unknown bird - small,NO DAMAGE,False,False,No,1,1,Small,,,OPER = CHARLES WEATHERLY /Legacy Record=100033/,REDACTED,REDACTED,FAA Form 5200-7,Tower,12/4/1998,False
608275,8/1/1993,8,1993,,Day,KMSY,LOUIE ARMSTRONG NEW ORLEANS INTL ARPT,29.99339,-90.25803,1,LA,ASW,,,TWA,TRANS WORLD AIRLINES,,,B-727,148,94,34.0,10.0,A,4.0,D,3.0,5.0,6.0,5.0,,Landing Roll,0.0,,0.0,,,,,,,,False,False,N,False,False,False,False,False,False,False,False,False,False,False,False,False,False,False,False,False,False,False,False,False,False,False,False,False,False,False,False,False,False,False,False,,None,,,UNKBM,Unknown bird - medium,NO DAMAGE REPTD. TIME = 1850Z,False,False,Unknown,,1,Medium,,,/Legacy Record=100034/,REDACTED,REDACTED,AC Incident Rept,Tower,5/24/2005,False
608276,8/18/1996,8,1996,,,KORD,CHICAGO O'HARE INTL ARPT,41.9796,-87.90446,22R,IL,AGL,,,UAL,UNITED AIRLINES,,1228,B-757-200,148,26,34.0,40.0,A,4.0,D,2.0,1.0,1.0,,,Landing Roll,0.0,,0.0,,,,,,,,False,False,N,True,False,False,False,False,False,False,False,False,False,False,False,False,False,False,False,False,False,False,False,False,False,False,False,False,False,False,False,False,False,False,False,,,,,ZT1,Blackbirds,BLACKBIRD.,False,False,Unknown,,1,Small,,,/Legacy Record=100035/,REDACTED,REDACTED,Air Transport Report,Air Transport Operations,12/20/2007,False
608277,9/19/1993,9,1993,,Day,KMHT,MANCHESTER AIRPORT,42.93452,-71.43706,35,NH,ANE,,,PVT,PRIVATELY OWNED,N19CT,,BE-33,123,06,13.0,16.0,A,1.0,A,1.0,7.0,,,,Approach,1800.0,150.0,8.0,No Cloud,None,,,,,,False,True,S,False,False,True,True,False,False,False,False,False,False,False,False,False,False,False,False,False,False,False,False,False,False,False,False,False,False,False,False,False,False,False,False,,Precautionary Landing,,,UNKBL,Unknown bird - large,A/C WAS 8NM SE OF ARPT & OBSERVED SEV. BIRDS PRIOR TO IMPACT.   BOTH OCCUPANTS DUCKED. WINDSHLD DESTROYED. PILOT LANDED AT 1200  LCL AND REPTD DAMAGE. NO INJURIES.,False,False,No,2-10,1,Large,,,SOURCE = 5200-7 & NON-COM INCIDENT REPT.OPERATOR = DONALD E FLORENCE JR /Legacy Record=100036/,REDACTED,REDACTED,Multiple,Tower,5/11/1998,False
608278,3/23/1991,3,1991,,Night,KELP,EL PASO INTL ARPT,31.80667,-106.37781,26L,TX,ASW,,,AAL,AMERICAN AIRLINES,N887AA,,B-727,148,94,34.0,10.0,A,4.0,D,3.0,5.0,6.0,5.0,,Approach,200.0,135.0,,No Cloud,None,,,,,,False,False,N,False,False,False,False,True,False,False,False,False,False,False,False,False,False,False,False,False,False,False,False,False,False,True,False,False,False,False,False,False,False,False,False,,None,,,UNKBS,Unknown bird - small,A SMALL BIRD STRUCK THE LOWER NOSE AREA OF THE PLANE WHILE FLYING APPROACH TO LANDING.  BIRD IMPACTED NOSE STRUT AREA ALSO BUT CAUSED NO DAMAGE TO EITHER AREA.  NORMAL LANDING WAS MADE.,False,False,No,,1,Small,,,/Legacy Record=100037/,REDACTED,REDACTED,FAA Form 5200-7,Pilot,5/28/1998,False
608279,10/26/1990,10,1990,,Night,KPDX,PORTLAND INTL (OR),45.58872,-122.5975,,OR,ANM,,,AAL,AMERICAN AIRLINES,,,MD-80,583,37,34.0,10.0,A,4.0,D,2.0,5.0,5.0,,,Approach,300.0,140.0,,No Cloud,None,,,,,,False,False,N,False,False,False,False,False,False,False,False,False,False,False,False,False,False,False,False,False,False,False,False,False,False,False,False,False,False,False,False,False,False,False,False,,None,,,UNKBM,Unknown bird - medium,NO DAMAGE/INJURY,False,False,No,1,1,Medium,,,DATE = POSTMARK /Legacy Record=100038/,REDACTED,REDACTED,FAA Form 5200-7,Pilot,12/17/1998,False
608280,8/22/1990,8,1990,,Day,ZZZZ,UNKNOWN,,,,,,,,USA,1US AIRWAYS,N932VJ,,DC-9-30,583,21,34.0,10.0,A,4.0,D,2.0,5.0,5.0,,,Climb,10500.0,280.0,,No Cloud,,,,,,,False,False,N,True,False,False,False,False,False,False,False,False,False,False,False,False,False,False,False,False,False,False,False,False,False,False,False,False,False,False,False,False,False,False,False,,None,,,UNKBM,Unknown bird - medium,"ARPT = IHO OR IHP OR IHD. POSTMARK IS PITTSBURGH, PA",False,False,No,,1,Medium,,,/Legacy Record=100039/,REDACTED,REDACTED,FAA Form 5200-7,,2/23/1999,False
608281,4/30/1995,4,1995,,,KLAX,LOS ANGELES INTL,33.94254,-118.40807,24R,CA,AWP,,,UAL,UNITED AIRLINES,,2943,B-737-500,148,33,10.0,1.0,A,4.0,D,2.0,1.0,1.0,,,Approach,4000.0,,9.0,,,,,,,,False,False,N,True,False,False,False,False,False,False,False,False,False,False,False,False,False,False,False,False,False,False,False,False,False,False,False,False,False,False,False,False,False,False,False,,,,,UNKBM,Unknown bird - medium,,False,False,Unknown,,1,Medium,,,/Legacy Record=100040/,REDACTED,REDACTED,Air Transport Report,Air Transport Operations,12/20/2007,False
608282,8/19/1991,8,1991,,Day,KSAT,SAN ANTONIO INTL,29.53369,-98.46978,,TX,ASW,,,SWA,SOUTHWEST AIRLINES,,,B-737-200,148,13,34.0,10.0,A,4.0,D,2.0,1.0,1.0,,,Landing Roll,0.0,120.0,0.0,No Cloud,None,,,,,,False,False,N,False,False,False,False,False,False,False,False,False,False,False,False,False,False,False,False,False,False,False,False,False,False,False,False,False,False,False,False,False,False,False,False,,,,,UNKBS,Unknown bird - small,NO DAMAGE/INJURY.,False,False,No,2-10,2-10,Small,,,/Legacy Record=100041/,REDACTED,REDACTED,FAA Form 5200-7,Pilot,9/29/1997,False
608283,4/24/1991,4,1991,,Night,KSAT,SAN ANTONIO INTL,29.53369,-98.46978,,TX,ASW,,,AAL,AMERICAN AIRLINES,,,MD-83,583,37,34.0,10.0,A,4.0,D,2.0,5.0,5.0,,,Approach,1500.0,170.0,,Overcast,None,,,,,,False,False,N,False,False,True,False,False,False,False,False,False,False,False,False,False,False,False,False,False,False,False,False,False,False,False,False,False,False,False,False,False,False,False,False,,,,,UNKBM,Unknown bird - medium,REMAINS ON CENTER WINDSHIELD. NO DAMAGE/INJURY.,False,False,No,,1,Medium,,,/Legacy Record=100042/,REDACTED,REDACTED,FAA Form 5200-7,,12/8/1997,False
608284,5/2/1990,5,1990,,Day,KBUR,BOB HOPE ARPT,34.20062,-118.3585,,CA,AWP,,,1AWE,AMERICA WEST AIRLINES,,,B-737,148,95,,,A,4.0,D,2.0,1.0,1.0,,,Approach,800.0,120.0,,No Cloud,None,,,,,,False,False,N,False,False,False,False,False,False,False,False,False,False,False,False,False,False,False,False,False,False,False,False,False,False,False,False,False,False,False,False,False,False,False,False,,,,,NE1,Gulls,NO DAMAGE,False,False,Yes,,1,Medium,,,/Legacy Record=100043/,REDACTED,REDACTED,FAA Form 5200-7,,3/9/1999,False
608285,8/23/1990,8,1990,,Day,KLGB,LONG BEACH-DAUGH FLD,33.81772,-118.15161,,CA,AWP,,,AAL,AMERICAN AIRLINES,,,MD-82,583,37,34.0,10.0,A,4.0,D,2.0,5.0,5.0,,,Climb,50.0,130.0,,Some Cloud,None,,,,,,False,False,N,False,False,True,False,False,False,False,False,False,False,False,False,False,False,False,False,False,False,False,False,False,False,False,False,False,False,False,False,False,False,False,False,,,,,O2111,Rock pigeon,BIRD STRIKE ON CA WINDSCREEN. NO DAMAGE.,False,False,No,1,1,Small,,,DATE = POSTMARK /Legacy Record=100044/,REDACTED,REDACTED,FAA Form 5200-7,Pilot,2/23/1999,False
608286,5/24/1992,5,1992,,Day,ZZZZ,UNKNOWN,,,,,,7 MI S BIG LAKE,AK,PVT,PRIVATELY OWNED,N6570A,,C-180,226,10,13.0,13.0,A,1.0,A,1.0,7.0,,,,En Route,1000.0,120.0,,No Cloud,None,,,,,,False,True,M,False,False,False,False,False,False,False,False,False,False,False,False,False,False,False,False,False,False,False,False,False,False,False,False,False,False,True,True,False,False,False,False,,None,,,K3201,Bald eagle,MINOR DAMGE TO VERT STABILZR. ASSUME BALD FROM LOCATION.,False,False,No,1,1,Large,,,OPERATOR = RICHARD JOHNSON /Legacy Record=100045/,REDACTED,REDACTED,FAA Form 5200-7,,9/19/2003,False
608287,8/8/1991,8,1991,,Day,KLNS,LANCASTER ARPT (PA),40.12172,-76.2961,,PA,AEA,,,BUS,BUSINESS,N369CC,,PA-60 600,729,34,7.0,31.0,A,2.0,A,2.0,4.0,4.0,,,Approach,1100.0,140.0,,Some Cloud,None,,"2,000.00",,"4,296.00",,False,True,M,False,False,False,False,False,False,False,False,False,False,False,False,False,False,False,False,False,False,False,False,True,True,False,False,False,False,False,False,False,False,False,False,,,,,K,"Raptors: Hawks, eagles, vultures, kites, osprey, falcons, caracaras","LE RT WING DAMAGED, ESTIMATED AT $2000. BIRD REPTD AS SEA EAGLE.  TIME = 1530Z",False,False,No,1,1,Medium,,,OPERATOR = US SPECIALTY RETAILING INC (HENRY WIBBER) /Legacy Record=100046/,REDACTED,REDACTED,FAA Form 5200-7,Tower,10/26/1999,False
608288,5/28/1990,5,1990,,Night,KPIA,PEORIA INTL ARPT,40.66424,-89.69331,,IL,AGL,,,EGF,AMERICAN EAGLE AIRLINES,,,SHORTS 360,804,08,31.0,4.0,A,3.0,C,2.0,4.0,4.0,,,Approach,1840.0,135.0,,No Cloud,None,,,,,,False,False,N,False,False,False,False,False,False,False,False,False,False,False,False,False,False,False,False,False,False,False,False,False,False,False,False,False,False,False,False,False,False,False,False,,,,,K33,Hawks,NO DAMAGE.,False,False,No,1,1,Medium,,,/Legacy Record=100047/,REDACTED,REDACTED,FAA Form 5200-7,Pilot,3/8/1999,False
608289,6/26/1992,6,1992,,Day,KRSW,SOUTHWEST FLORIDA INTL ARPT,26.53617,-81.75517,24,FL,ASO,,,EGF,AMERICAN EAGLE AIRLINES,,,SAAB-340,778,05,22.0,22.0,A,3.0,C,2.0,4.0,4.0,,,Landing Roll,0.0,,0.0,Overcast,None,,,,,,False,False,N,False,False,True,False,False,False,False,False,False,False,False,False,False,False,False,False,False,False,False,False,False,False,False,False,False,False,False,False,False,False,False,False,,Precautionary Landing,,,UNKBS,Unknown bird - small,GRAY/WHT BIRDS,False,False,Yes,11-100,2-10,Small,,,/Legacy Record=100048/,REDACTED,REDACTED,FAA Form 5200-7,,7/31/1998,False
608290,8/5/1990,8,1990,19:05,Day,KBWI,BALTIMORE/WASH INTL THURGOOD MARSHAL ARPT,39.1754,-76.6682,,MD,AEA,,,USA,1US AIRWAYS,,,FOKKER F28 MK 1000,372,04,37.0,43.0,A,4.0,D,2.0,5.0,5.0,,,Landing Roll,0.0,80.0,0.0,Some Cloud,None,,,,,,False,False,N,False,False,False,False,False,False,False,False,False,False,False,False,False,False,False,False,False,False,False,False,False,False,False,False,False,False,False,False,False,False,False,False,,None,,,UNKBS,Unknown bird - small,"HIT A FLOCK, ASSUME 2-10. FLT 1175.",False,False,No,,2-10,Small,,,/Legacy Record=100049/,REDACTED,REDACTED,FAA Form 5200-7,,2/10/1999,False
608291,8/23/1990,8,1990,,Day,KGSH,GOSHEN MUNICIPAL ARPT,41.52716,-85.7921,9,IN,AGL,,,BUS,BUSINESS,N59AP,,PA-31T CHEYENNE,729,01,31.0,4.0,A,2.0,C,2.0,4.0,4.0,,,Approach,300.0,135.0,,Some Cloud,Fog,1.0,,,,,False,False,N,False,False,False,False,False,False,False,False,False,True,False,False,False,False,False,False,False,False,True,False,True,False,False,False,False,False,False,False,False,False,False,False,,None,,,YL001,European starling,"DID NOT DO EVASIVE MANUEVER, IT APPEARED AS THOUGH FLOCK WAS  DISPERSING & 1 BIRD WENT THE WRONG WAY, FOUND REMAINS ON PROP  BLADE & DEICE BOOT AFTER LDG. WE THINK IT WAS A STARLING. A/C  CLEANING TOOK 1/2 HR.",False,False,No,2-10,1,Small,,,OPER = ALL PHASE ELECTRIC SUPPLY /Legacy Record=100050/,REDACTED,REDACTED,FAA Form 5200-7,Pilot,2/23/1999,False
608292,3/18/1991,3,1991,,Night,KBDL,BRADLEY INTL,41.93887,-72.68323,33,CT,ANE,,,CPT,CORPORATE AIR,N555DD,,MU2,627,01,19.0,4.0,A,2.0,C,2.0,4.0,4.0,,,Take-off Run,0.0,80.0,0.0,Overcast,Rain,,,,,,False,False,N,False,False,False,False,False,False,False,False,False,False,False,False,False,False,False,False,False,False,False,False,False,False,False,False,False,False,False,False,False,False,False,False,,None,,,NE1,Gulls,PILOT SAW GULL PASS UNDER LT ENG JUST PRIOR TO ROTATION. HE DID  NOT BELIEVE A STRIKE HAD OCCURRED.  TWR REPTD DEAD BIRD FOUND ON  RWY.  PILOT INSPECTED A/C IN TEB AND FOUND NO SIGNS OF A STRIKE.   A/C FLIGHT AND ENGINE PERFORMANCE GAVE NO INDICATION OF A STRIKE.,False,False,No,1,1,Medium,,,/Legacy Record=100051/,REDACTED,REDACTED,FAA Form 5200-7,Pilot,5/28/1998,False
608293,6/27/1994,6,1994,,Day,KPNS,PENSACOLA INTL ARPT,30.47331,-87.18744,17,FL,ASO,,,DAL,DELTA AIR LINES,,,MD-88,583,37,34.0,10.0,A,4.0,D,2.0,5.0,5.0,,,Climb,95.0,100.0,,No Cloud,None,,,,,,False,False,N,False,False,False,False,False,False,False,False,False,False,False,False,False,False,False,False,False,False,False,False,False,False,False,False,False,False,False,False,False,False,False,False,,None,,,ZX3,Sparrows,ALT LESS THAN 100'  FLT 1274,False,False,Unknown,1,1,Small,,,/Legacy Record=100052/,REDACTED,REDACTED,FAA Form 5200-7,,5/18/1998,False
608296,8/28/1990,8,1990,,Night,KAUS,AUSTIN-BERGSTROM INTL,30.19453,-97.66987,,TX,ASW,,,SWA,SOUTHWEST AIRLINES,,,B-737-200,148,13,34.0,10.0,A,4.0,D,2.0,1.0,1.0,,,Climb,8000.0,250.0,,No Cloud,None,,,,,,False,False,N,False,False,False,False,False,False,False,False,False,False,False,False,False,False,False,False,False,False,False,False,False,False,False,False,False,False,False,False,False,False,False,False,,,,,UNKBM,Unknown bird - medium,NO DAMAGE.,False,False,No,,1,Medium,,,/Legacy Record=100055/,REDACTED,REDACTED,FAA Form 5200-7,Pilot,2/23/1999,False
608297,5/10/1990,5,1990,,Day,KSFO,SAN FRANCISCO INTL ARPT,37.619,-122.37484,1R,CA,AWP,,,UAL,UNITED AIRLINES,,,DC-10,583,91,22.0,7.0,A,4.0,D,3.0,5.0,6.0,5.0,,Take-off Run,0.0,140.0,0.0,No Cloud,None,,,,,,False,False,,False,False,False,False,False,False,False,False,False,False,False,False,False,False,False,False,False,False,False,False,False,False,False,False,False,False,False,False,False,False,False,False,,None,,,K33,Hawks,"UNKNOWN, A/C CONTD TO DEST.  HAWK WAS CARRYING A GROUNDHOG.",False,False,No,1,1,Medium,,,/Legacy Record=100056/,REDACTED,REDACTED,FAA Form 5200-7,,3/9/1999,False
608298,5/13/1990,5,1990,,Day,KTPA,TAMPA INTL,27.97547,-82.53325,27,FL,ASO,,,USA,1US AIRWAYS,N341US,,B-737-300,148,24,10.0,1.0,A,4.0,D,2.0,1.0,1.0,,,Climb,50.0,140.0,,Some Cloud,None,14.0,,,,,True,False,N,False,False,False,False,False,False,False,False,False,True,False,False,False,False,False,False,False,False,False,False,False,False,False,False,False,False,False,False,False,False,False,False,,Precautionary Landing,,,NE1,Gulls,BIRDS INGESTED #2 ENG.,False,False,No,2-10,2-10,Medium,,,/Legacy Record=100057/,REDACTED,REDACTED,FAA Form 5200-7,Air Transport Operations,6/21/2004,False
608300,9/28/1994,9,1994,,Night,KILN,WILMINGTON AIR PARK,39.4233,-83.7885,,OH,AGL,,,ABX,ABX AIR,N812AX,,DC-8-63,583,18,34.0,1.0,A,4.0,D,4.0,1.0,1.0,1.0,1.0,,,,,,,,,,,,False,False,N,False,False,True,False,False,False,False,False,False,False,False,False,False,False,False,False,False,False,False,False,False,False,False,False,False,False,False,False,False,False,False,False,,,,,UNKBS,Unknown bird - small,,False,False,Unknown,,1,Small,,,/Legacy Record=100059/,REDACTED,REDACTED,FAA Form 5200-7,,5/28/1998,False
608301,9/28/1994,9,1994,,Night,KDCA,RONALD REAGAN WASHINGTON NATIONAL ARPT,38.85208,-77.03772,1,DC,AEA,,,MRA,MARTINAIRE,N760NP,,BE-200 KING,123,22,31.0,4.0,A,2.0,C,2.0,4.0,4.0,,,Approach,1000.0,120.0,,No Cloud,None,,,,,,False,False,N,False,False,False,False,True,False,False,False,False,False,False,False,False,False,False,False,False,False,False,False,False,False,False,False,False,False,False,False,False,False,False,False,,None,,,UNKBM,Unknown bird - medium,,False,False,No,1,1,Medium,,,/Legacy Record=100060/,REDACTED,REDACTED,FAA Form 5200-7,,5/22/1998,False
608303,8/30/1991,8,1991,,Night,KDTW,DETROIT METRO WAYNE COUNTY ARPT,42.21206,-83.34884,,MI,AGL,,,SWA,SOUTHWEST AIRLINES,,,B-737-500,148,33,10.0,1.0,A,4.0,D,2.0,1.0,1.0,,,Approach,1000.0,130.0,,Some Cloud,None,,,,,,False,True,M,True,True,False,False,False,False,False,False,False,False,False,False,False,False,False,False,False,False,False,False,False,False,False,False,False,False,False,False,False,False,False,False,,,,,NE1,Gulls,CHIPPED PAINT ON LOWER RADOME,False,False,No,,1,Medium,,,/Legacy Record=100062/,REDACTED,REDACTED,FAA Form 5200-7,Pilot,9/24/1997,False
608305,8/15/1991,8,1991,,Day,KPVD,THEODORE FRANCIS GREEN STATE,41.724,-71.42822,,RI,ANE,,,BUS,BUSINESS,N134M,,C-650,226,39,19.0,1.0,A,3.0,D,2.0,5.0,5.0,,,Approach,100.0,120.0,,Some Cloud,None,,,,,,False,False,N,False,False,False,False,False,False,False,False,False,False,False,False,False,False,False,False,False,False,False,False,False,False,False,False,False,False,False,False,False,False,False,False,,,,,ZT1,Blackbirds,NO DAMAGE.,False,False,Yes,,1,Small,,,OPERATOR = MOTOROLA INC /Legacy Record=100064/,REDACTED,REDACTED,FAA Form 5200-7,,9/14/2001,False
608307,11/14/1991,11,1991,,Night,KDCA,RONALD REAGAN WASHINGTON NATIONAL ARPT,38.85208,-77.03772,19,DC,AEA,,,USA,1US AIRWAYS,N334US,,B-737-300,148,24,10.0,1.0,A,4.0,D,2.0,1.0,1.0,,,Climb,5000.0,250.0,,Some Cloud,None,,,,,,False,False,N,False,False,True,False,False,False,False,False,False,False,False,False,False,False,False,False,False,False,False,False,False,False,False,False,False,False,False,False,False,False,False,False,,None,,,NE1,Gulls,NO DAMAGE/INJURY. TIME = 0000Z.FLT 1158.,False,False,No,1,1,Medium,,,SOURCE = TWO 5200-7 REPT. /Legacy Record=100066/,REDACTED,REDACTED,FAA Form 5200-7,Tower,7/31/1998,False
608308,7/11/1990,7,1990,,Day,KSFO,SAN FRANCISCO INTL ARPT,37.619,-122.37484,,CA,AWP,,,TWA,TRANS WORLD AIRLINES,,,L-1011,561,15,37.0,37.0,A,4.0,D,3.0,5.0,6.0,5.0,,Approach,,,,No Cloud,None,,,,,,False,False,N,False,False,False,False,False,False,False,False,False,False,False,False,False,False,False,False,False,False,False,False,False,False,False,False,False,False,False,False,False,False,False,False,,,,,UNKBS,Unknown bird - small,"HIT A FLOCK OF SPARROW TYPE BIRDS, ASSUME 2-10. NO DAMAGE.",False,False,No,,2-10,Small,,,/Legacy Record=100067/,REDACTED,REDACTED,FAA Form 5200-7,,3/1/1999,False
608309,7/9/1990,7,1990,,Dawn,KPIH,POCATELLO REGIONAL ARPT,42.91131,-112.59586,,ID,ANM,,,QXE,HORIZON AIR,,,DHC8 DASH 8,303,10,31.0,10.0,A,3.0,C,2.0,4.0,4.0,,,Climb,500.0,,,Some Cloud,None,2.0,,,,,True,False,N,False,False,False,False,False,False,True,False,False,False,False,False,False,False,False,False,False,False,False,False,False,False,False,False,False,False,False,False,False,False,False,False,,Precautionary Landing,,,J21,Ducks,FLT 609.   BIRD ENTERED AIR INTAKE & WENT INTO FOD ENG BYPASS.   NO DAMAGE TO ENG,False,False,Unknown,,1,Medium,,,(UPDATED 6/19/07 INGESTION) /Legacy Record=100068/,REDACTED,REDACTED,FAA Form 5200-7,Other,6/19/2007,False
608310,7/12/1990,7,1990,,Day,KSFO,SAN FRANCISCO INTL ARPT,37.619,-122.37484,,CA,AWP,,,TWA,TRANS WORLD AIRLINES,,,L-1011,561,15,37.0,37.0,A,4.0,D,3.0,5.0,6.0,5.0,,Landing Roll,0.0,,0.0,Some Cloud,None,,,,,,False,False,,False,False,False,False,False,False,False,False,False,False,False,False,False,False,False,False,False,False,False,False,False,False,False,False,False,False,False,False,False,False,False,False,,,,,YL001,European starling,UNKN IF DAMAGE. FLT 183,False,False,No,2-10,2-10,Small,,,DATE = POSTMARK /Legacy Record=100069/,REDACTED,REDACTED,FAA Form 5200-7,,3/1/1999,False
608311,7/9/1996,7,1996,,,KDEN,DENVER INTL AIRPORT,39.85841,-104.667,34,CO,ANM,,,UAL,UNITED AIRLINES,,1859,B-737-500,148,33,10.0,1.0,A,4.0,D,2.0,1.0,1.0,,,Take-off Run,0.0,110.0,0.0,,,,,,,,False,False,N,False,False,True,False,False,False,False,False,False,False,False,False,False,False,False,False,False,False,False,False,False,False,False,False,False,False,False,False,False,False,False,False,,,,,UNKBS,Unknown bird - small,HIT F/O WINDSHLD.,False,False,Unknown,,1,Small,,,/Legacy Record=100070/,REDACTED,REDACTED,Air Transport Report,Air Transport Operations,12/20/2007,False
608312,5/22/1992,5,1992,,Day,KLNK,LINCOLN ARPT,40.85097,-96.75925,,NE,ACE,,,UAL,UNITED AIRLINES,,,B-737-300,148,24,10.0,1.0,A,4.0,D,2.0,1.0,1.0,,,Take-off Run,0.0,130.0,0.0,Overcast,Rain,,,,,,True,True,S,False,False,False,False,False,False,False,False,False,True,True,False,False,False,False,False,False,False,False,False,False,False,False,False,False,False,False,False,False,False,False,False,,,,,M7,Rails,"FLT-1236, LNK-ORD HIT FLOCK OF BIRDS ON T/O ROTATION.  CONTD TO DEST.  #2 ENG HAD 4 BENT FAN BLADES. THIS STRIKE TRIGGERED THE REQUIREMENT FOR AN  ECOLOGICAL SURVEY.",False,False,Unknown,11-100,11-100,Medium,,,SOURCE = 5200-7 AND LETTER /Legacy Record=100071/,REDACTED,REDACTED,Multiple,Pilot,4/21/2005,False
608313,9/20/1990,9,1990,,Day,KPBI,PALM BEACH INTL,26.68316,-80.09559,,FL,ASO,,,COA,CONTINENTAL AIRLINES,,,B-737,148,95,,,A,4.0,D,2.0,1.0,1.0,,,Take-off Run,0.0,,0.0,Some Cloud,None,,,,,,False,False,N,False,False,False,False,False,False,False,False,False,False,False,False,False,False,False,False,False,False,False,False,False,False,False,False,False,False,False,False,False,False,False,False,,,,,UNKBS,Unknown bird - small,"HIT A FLOCK, ASSUME 2-10. NO DAMAGE.",False,False,Yes,,2-10,Small,,,/Legacy Record=100072/,REDACTED,REDACTED,FAA Form 5200-7,Tower,1/21/1999,False
608314,10/31/1990,10,1990,08:08,Day,KEWR,NEWARK LIBERTY INTL ARPT,40.6925,-74.16866,4R,NJ,AEA,,,USA,1US AIRWAYS,,,B-727,148,94,34.0,10.0,A,4.0,D,3.0,5.0,6.0,5.0,,Approach,,,,No Cloud,None,,,,,,False,False,N,False,False,True,False,False,False,False,False,False,False,False,False,False,False,False,False,False,False,False,False,False,False,False,False,False,False,False,False,False,False,False,False,,None,,,UNKBM,Unknown bird - medium,"NO DAMAGE. ASKED PILOT TO CALL TOWER FOR THIS INFORMATION, BUT WE  NEVER RECEIVED.  AIRLINE MAINT AT EWR CALLED TO GIVE THE ABOVE INFORMATION. # BIRDS STRUCK NOT REPTD, ASSUME 1. FLT 656",False,False,Yes,,1,Medium,,,A/C REG REPTD AS N744 INCORRECT /Legacy Record=100073/,REDACTED,REDACTED,FAA Form 5200-7,Tower,12/18/1998,False
608315,4/21/1991,4,1991,,Day,KMIA,MIAMI INTL,25.79325,-80.29056,,FL,ASO,,,AJM,AIR JAMAICA,,,B-727,148,94,34.0,10.0,A,4.0,D,3.0,5.0,6.0,5.0,,Landing Roll,0.0,119.0,0.0,No Cloud,None,,,,,,False,False,N,False,False,False,False,False,False,False,False,False,False,False,False,False,False,False,False,False,False,False,False,False,False,False,False,False,False,False,False,False,False,False,False,,None,,,NE1,Gulls,NO DAMAGE/INJURY.,False,False,Yes,,1,Medium,,,/Legacy Record=100074/,REDACTED,REDACTED,FAA Form 5200-7,Pilot,12/8/1997,False
608317,10/10/1990,10,1990,,Night,KMLI,QUAD CITY ARPT,41.44853,-90.50754,9,IL,AGL,,,AMF,AMERIFLIGHT,N426MA,,SA227 AC METRO III,915,07,19.0,4.0,A,2.0,C,2.0,4.0,4.0,,,Approach,5000.0,210.0,,No Cloud,None,,,,,,False,False,N,False,False,True,False,False,False,False,False,False,False,False,False,False,False,False,False,False,False,False,False,False,False,False,False,False,False,False,False,False,False,False,False,,None,,,UNKBM,Unknown bird - medium,POSSIBLE DUCK STRUCK CAPT'S WINDSHLD NEAR LOWER INSIDE PANE.   IT APPEARED TO STRIKE WIPER BEFORE THE PANE. FWD VIZ OBSCURRED A  LITTLE.  NO VISIBLE DAMAGE WAS NOTED.,False,False,No,,1,Medium,,,/Legacy Record=100076/,REDACTED,REDACTED,FAA Form 5200-7,,12/21/1998,False
608319,9/5/1991,9,1991,,Day,KMIA,MIAMI INTL,25.79325,-80.29056,,FL,ASO,,,AAL,AMERICAN AIRLINES,,,B-727,148,94,34.0,10.0,A,4.0,D,3.0,5.0,6.0,5.0,,Climb,1700.0,200.0,,,,,,,,,False,False,N,False,False,True,False,False,False,False,False,False,False,False,False,False,False,False,False,False,False,False,False,False,False,False,False,False,False,False,False,False,False,False,False,,None,,,UNKBM,Unknown bird - medium,LARGE BIRD HIT COPILOTS WINDOW - NO DAMAGE.,False,False,No,,1,Medium,,,/Legacy Record=100078/,REDACTED,REDACTED,FAA Form 5200-7,,7/31/1998,False
608320,11/29/1992,11,1992,,Day,KCMH,JOHN GLENN COLUMBUS INTL ARPT,39.9969472,-82.8921611,28L,OH,AGL,,,1AWE,AMERICA WEST AIRLINES,N622AW,,A-320,04A,03,23.0,1.0,A,4.0,D,2.0,1.0,1.0,,,Approach,200.0,120.0,,Overcast,None,,,,,,False,False,N,False,False,False,False,False,False,False,False,False,False,False,False,False,False,False,False,False,False,False,False,True,False,False,False,False,False,False,False,False,False,False,False,,None,,,UNKBS,Unknown bird - small,NO DAMAGE.,False,False,Yes,,2-10,Small,,,/Legacy Record=100079/,REDACTED,REDACTED,FAA Form 5200-7,,7/31/1998,False
608321,8/9/1990,8,1990,,Day,KGPZ,GRAND RAPIDS/ITASCA COUNTY ARPT-GORDON NEWSTROM FIELD,47.2111,-93.50984,34,MN,AGL,,,MES,MESABA AIRLINES,N436MA,,SA227 AC METRO III,915,07,19.0,4.0,A,2.0,C,2.0,4.0,4.0,,,Take-off Run,0.0,80.0,0.0,No Cloud,None,,,,,,False,False,N,False,False,False,False,False,False,False,False,False,False,False,False,False,False,False,False,False,False,True,False,False,False,True,False,False,False,False,False,False,False,False,False,,Aborted Take-off,,,NE1,Gulls,"DURING TAKEOFF, SAW 2 GULLS ON CENTERLINE AFTER PASSING CREST OF  RWY.  RECOG & LDG LIGHTS ON, RADAR OFF.  BIRDS STRUCK A/C ON  NOSE GEAR STRUT & LEFT PROP TIP.  ABORTED T/O TO INSPECT FOR  DAMAGE THAT COULD AFFECT THE SAFETY OF FLIGHT.",False,False,No,2-10,2-10,Medium,,,/Legacy Record=100080/,REDACTED,REDACTED,FAA Form 5200-7,Pilot,2/10/1999,False
608322,8/28/1993,8,1993,,Day,KMWH,GRANT COUNTY ARPT,47.20771,-119.32019,32R,WA,ANM,,,JAL,JAPAN AIRLINES,JA8151,,B-747-1/200,148,14,34.0,13.0,A,5.0,D,4.0,1.0,1.0,1.0,1.0,Climb,500.0,160.0,,Some Cloud,None,,,,,,False,True,M?,False,False,False,False,False,False,False,False,False,True,True,False,False,False,False,False,False,False,False,False,False,False,False,False,False,False,False,False,False,False,False,False,,Precautionary Landing,,,UNKBM,Unknown bird - medium,EXTENT OF DAMAGE NOT REPTD.,False,False,No,1,1,Medium,,,/Legacy Record=100081/,REDACTED,REDACTED,FAA Form 5200-7,,4/21/1998,False
608324,7/7/1991,7,1991,,Day,PHLI,LIHUE ARPT,21.97598,-159.33896,,HI,AWP,,,HAL,HAWAIIAN AIR,,,DC-9-50,583,23,34.0,10.0,A,4.0,D,2.0,5.0,5.0,,,Climb,100.0,120.0,,No Cloud,None,,,,,,False,False,N,False,False,False,False,False,False,False,False,False,False,False,False,False,False,False,False,False,False,False,False,False,False,False,False,False,False,False,False,False,False,False,False,,,,,ZX3,Sparrows,NO DAMAGE/INJURY,False,False,Yes,1,1,Small,,,/Legacy Record=100083/,REDACTED,REDACTED,FAA Form 5200-7,,3/1/2007,False
608325,7/8/1991,7,1991,,Day,KCVG,CINCINNATI/NORTHERN KENTUCKY INTL ARPT,39.04614,-84.66217,,KY,ASO,,,DAL,DELTA AIR LINES,,,B-737,148,95,34.0,10.0,A,4.0,D,2.0,1.0,1.0,,,Landing Roll,0.0,130.0,0.0,Overcast,None,,,,,,False,False,N,False,False,False,False,False,False,False,False,False,False,False,False,False,False,False,False,False,False,False,False,False,False,False,False,False,False,False,False,False,False,False,False,,,,,UNKBS,Unknown bird - small,"NO DAMAGE, HIT ON RWY.",False,False,No,1,1,Small,,,/Legacy Record=100084/,REDACTED,REDACTED,FAA Form 5200-7,,10/29/1997,False
608326,10/19/1990,10,1990,,,ZZZZ,UNKNOWN,,,,,,FOUND AT KBHM,,AAL,AMERICAN AIRLINES,,,MD-80,583,37,34.0,10.0,A,4.0,D,2.0,5.0,5.0,,,,,,,,,,,,,,False,False,N,False,False,False,False,False,False,False,False,False,False,False,False,False,False,False,False,False,False,False,False,False,False,False,False,False,False,False,False,False,False,False,False,,None,,,UNKBM,Unknown bird - medium,"FOUND ON PREFLT INSPN. # BIRDS NOT REPTD, ASSUME 1.",False,False,Unknown,,1,Medium,,,/Legacy Record=100085/,REDACTED,REDACTED,FAA Form 5200-7,Air Transport Operations,12/10/1998,False
608327,1/10/1991,1,1991,,Day,KATL,HARTSFIELD - JACKSON ATLANTA INTL ARPT,33.64044,-84.42694,8L,GA,ASO,,,EME,METRO EXPRESS,,,UNKNOWN,,,,,,,,,,,,,Approach,200.0,,,Overcast,Fog,,,,,,False,False,N,True,False,True,False,True,False,False,False,False,False,False,False,False,False,False,False,False,False,False,False,True,False,True,False,True,False,False,False,False,False,False,False,,None,,,YL001,European starling,NO DAMAGE/INJURIES.,False,False,No,11-100,2-10,Small,,,A/C = BA-14 /Legacy Record=100086/,REDACTED,REDACTED,FAA Form 5200-7,Airport Operations,12/12/1997,False
608328,10/23/1990,10,1990,,Day,KTUL,TULSA INTL,36.19837,-95.88824,,OK,ASW,,,AAL,AMERICAN AIRLINES,,,DC-10-10,583,24,22.0,7.0,A,4.0,D,3.0,1.0,6.0,1.0,,Climb,800.0,150.0,,Overcast,None,,,,,,False,False,N,False,False,False,False,False,False,False,False,False,False,False,False,False,False,False,False,False,False,False,False,False,False,False,False,False,False,False,False,False,False,False,False,,,,,J21,Ducks,"DUCKS? A/C HIT A FLOCK, ASSUME 2-10. NO DAMAGE.",False,False,No,2-10,2-10,Medium,,,DATE = POSTMARK /Legacy Record=100087/,REDACTED,REDACTED,FAA Form 5200-7,,12/14/1998,False
608329,11/8/1991,11,1991,,Day,KPIT,PITTSBURGH INTL ARPT,40.49147,-80.23287,28C,PA,AEA,,,USA,1US AIRWAYS,N274US,,B-737-200,148,13,34.0,10.0,A,4.0,D,2.0,1.0,1.0,,,Climb,3700.0,220.0,,Overcast,Snow,,,,,,False,True,M?,False,False,False,False,False,False,False,False,False,False,False,False,False,False,False,False,False,False,False,False,True,True,False,False,False,False,False,False,False,False,False,False,,Precautionary Landing,,,J22,Geese,"RT WING STRUCK, EXTENT OF DAMAGE NOT REPTD.",False,False,No,2-10,2-10,Large,,,SOURCE = TWO 5200-7 REPTS. /Legacy Record=100088/,REDACTED,REDACTED,FAA Form 5200-7,,7/14/1998,False
608330,5/20/1996,5,1996,,,KBUR,BOB HOPE ARPT,34.20062,-118.3585,8,CA,AWP,,,UAL,UNITED AIRLINES,,2137,B-737-500,148,33,10.0,1.0,A,4.0,D,2.0,1.0,1.0,,,Approach,100.0,,,,,,,,,,False,False,N,False,False,False,False,False,False,False,False,False,False,False,False,False,False,False,False,False,False,False,False,False,False,False,False,False,False,False,False,False,False,True,False,PART NOT REPTD,,,,UNKBM,Unknown bird - medium,CAPT NOTIFIED SAM & FLT DISPATCH. MX DID BIRD STRIKE CHECK. NO DMG.,False,False,Unknown,,1,Medium,,,/Legacy Record=100089/,REDACTED,REDACTED,Air Transport Report,Air Transport Operations,12/20/2007,False
608331,7/4/1993,7,1993,,Day,KDSM,DES MOINES INTL,41.53493,-93.66068,13L,IA,ACE,,,AAL,AMERICAN AIRLINES,,,MD-80,583,37,34.0,10.0,A,4.0,D,2.0,5.0,5.0,,,Climb,100.0,,,Overcast,None,,,,,,False,False,N,False,False,False,False,True,False,False,False,False,False,False,False,False,False,False,False,False,False,False,False,False,False,False,False,False,False,False,False,False,False,False,False,,None,,,UNKBS,Unknown bird - small,NO DAMAGE,False,False,No,2-10,2-10,Small,,,/Legacy Record=100090/,REDACTED,REDACTED,FAA Form 5200-7,Tower,4/3/1998,False
608334,8/20/1992,8,1992,,Dusk,KORD,CHICAGO O'HARE INTL ARPT,41.9796,-87.90446,22L,IL,AGL,,,UAL,UNITED AIRLINES,,,B-737-200,148,13,34.0,10.0,A,4.0,D,2.0,1.0,1.0,,,Take-off Run,0.0,100.0,0.0,No Cloud,None,,,,,,False,False,N,False,False,False,False,True,False,False,False,False,False,False,False,False,False,False,False,False,False,False,False,False,False,False,False,False,False,False,False,False,False,False,False,,Aborted Take-off,,,NE1,Gulls,FLT 938 ABTD T/O DUE TO NUMEROUS BIRD STRIKES.  RETD TO GATE.   TIME = 1713Z.,False,False,No,2-10,2-10,Medium,,,SOURCE = 5200-7 & INITIAL NOTIFICATION-PRELIM. INFO. /Legacy Record=100093/,REDACTED,REDACTED,Multiple,,7/31/1998,False
608336,12/5/1991,12,1991,,Night,KDCA,RONALD REAGAN WASHINGTON NATIONAL ARPT,38.85208,-77.03772,,DC,AEA,,,EGF,AMERICAN EAGLE AIRLINES,,,ATR-42,097,01,31.0,10.0,A,3.0,C,2.0,4.0,4.0,,,Approach,1800.0,180.0,,No Cloud,None,,,,,,False,False,N,False,False,False,False,False,False,False,False,False,False,False,False,False,False,False,False,False,False,False,False,False,False,False,False,False,False,False,False,False,False,False,False,,,,,UNKBM,Unknown bird - medium,"TIME = 1205. NO DAMAGE/INJURY. # BIRDS STRUCK NOT REPTD, ASSUME  1.",False,False,No,,1,Medium,,,OPERATOR = FLAGSHIP /Legacy Record=100095/,REDACTED,REDACTED,FAA Form 5200-7,,7/31/1998,False
608337,9/25/1992,9,1992,,Dusk,KCVG,CINCINNATI/NORTHERN KENTUCKY INTL ARPT,39.04614,-84.66217,18C,KY,ASO,,,AAL,AMERICAN AIRLINES,N1400H,,FOKKER F100,372,12,37.0,46.0,A,4.0,D,2.0,5.0,5.0,,,Approach,200.0,135.0,,No Cloud,,,,,,,False,False,N,False,False,False,False,False,False,False,False,False,False,False,False,False,False,False,False,False,False,False,False,True,False,False,False,False,False,False,False,False,False,False,False,,None,,,UNKBS,Unknown bird - small,NO DAMAGE TO RT WING. REQD INSPN & CLEANING.,False,False,No,11-100,2-10,Small,,,/Legacy Record=100096/,REDACTED,REDACTED,FAA Form 5200-7,,5/25/2005,False
608338,5/21/1995,5,1995,,,KONT,ONTARIO INTL ARPT,34.056,-117.60119,,CA,AWP,,,UAL,UNITED AIRLINES,,2327,B-737-500,148,33,10.0,1.0,A,4.0,D,2.0,1.0,1.0,,,Approach,7100.0,,,,,,,,,,False,False,,False,False,True,False,False,False,False,False,False,False,False,False,False,False,False,False,False,False,False,False,False,False,False,False,False,False,False,False,False,False,False,False,,,,,UNKBM,Unknown bird - medium,CAPT WINDSHIELD. NORMAL LANDING.,False,False,Unknown,,1,Medium,,,/Legacy Record=100097/,REDACTED,REDACTED,Air Transport Report,Air Transport Operations,12/20/2007,False
608339,3/3/1990,3,1990,,Day,KDTW,DETROIT METRO WAYNE COUNTY ARPT,42.21206,-83.34884,,MI,AGL,,,SWA,SOUTHWEST AIRLINES,,,B-737-200,148,13,34.0,10.0,A,4.0,D,2.0,1.0,1.0,,,Approach,5000.0,210.0,,No Cloud,None,,,,,,False,False,N,False,False,False,False,False,False,False,False,False,False,False,False,False,False,False,False,False,False,False,False,False,False,False,False,False,False,False,False,False,False,False,False,,Other,AVOIDANCE MANEUVER,,NE1,Gulls,EFFECT ON FLT - RAISED WING TO AVOID HITTING BIRD. NO DAMAGE,False,False,No,1,1,Medium,,,/Legacy Record=100098/,REDACTED,REDACTED,FAA Form 5200-7,,8/4/2004,False
608340,7/15/1993,7,1993,,Day,KPDX,PORTLAND INTL (OR),45.58872,-122.5975,10R,OR,ANM,,,MSS,MORRIS AIR SERVICE,,,B-737,148,95,,,A,4.0,D,2.0,1.0,1.0,,,Landing Roll,0.0,,0.0,,,,,,,,False,False,N,False,False,False,False,False,False,False,False,False,False,False,False,False,False,False,False,False,False,False,False,False,False,False,False,False,False,False,False,False,False,False,False,,None,,,UNKBM,Unknown bird - medium,TIME = 1234 PDT.  NO DAMAGE. FLT 364.,False,False,Unknown,,1,Medium,,,/Legacy Record=100099/,REDACTED,REDACTED,AC Incident Rept,Tower,4/14/1998,False
608341,5/25/1992,5,1992,,Day,KACY,ATLANTIC CITY INTL,39.45758,-74.57717,31,NJ,AEA,,,USA,1US AIRWAYS,N914TS,,B-727,148,94,34.0,10.0,A,4.0,D,3.0,5.0,6.0,5.0,,Climb,100.0,,,Overcast,None,,,,,,False,False,N,False,False,False,False,False,False,False,False,False,False,False,False,False,False,False,False,False,False,False,False,False,False,False,False,False,False,False,False,False,False,False,False,,None,,,NE114,Laughing gull,,False,False,No,11-100,11-100,Small,,,SOURCE = 5200-7 & ARPT REPTS. /Legacy Record=100100/,REDACTED,REDACTED,Multiple,Airport Operations,11/19/1998,False
608342,9/14/1990,9,1990,,Night,KITH,ITHACA TOMPKINS REGIONAL ARPT,42.49103,-76.45844,,NY,AEA,,,BUS,BUSINESS,,,BE-1900,123,27,31.0,4.0,A,3.0,C,2.0,4.0,4.0,,,Landing Roll,0.0,,0.0,No Cloud,None,,,,,,False,False,N,False,False,False,False,False,False,False,False,False,False,False,False,False,False,False,False,False,False,False,False,False,False,False,False,False,False,False,False,False,False,False,False,,,,,ZT1,Blackbirds,FLT 6537 HIT  FLOCK (ASSUME 2-10). NO DAMAGE REPTD BY PILOT.,False,False,No,,2-10,Small,,,OPER = PCA /Legacy Record=100101/,REDACTED,REDACTED,FAA Form 5200-7,Tower,1/12/1999,False
608343,7/2/1995,7,1995,,Day,KABE,LEHIGH VALLEY INTL,40.65236,-75.4404,6,PA,AEA,,,UAL,UNITED AIRLINES,,,B-737,148,95,,,A,4.0,D,2.0,1.0,1.0,,,Approach,,,,Some Cloud,None,,,,,,False,False,,False,False,False,False,False,False,False,False,False,False,False,False,False,False,False,False,False,False,False,False,False,False,False,False,False,False,False,False,False,False,False,False,,None,,,UNKBS,Unknown bird - small,PART OF A/C STRUCK NOT CHECKED. HIT SPARROWS OR BLACKBIRDS.,False,False,No,1,1,Small,,,/Legacy Record=100102/,REDACTED,REDACTED,FAA Form 5200-7,Tower,6/15/1999,False
608345,10/27/1991,10,1991,,Day,KTMB,KENDALL-TAMIAMI EXECUTIVE ARPT,25.64789,-80.43278,,FL,ASO,,,UNK,UNKNOWN,,,BE-58 BARON,123,12,13.0,16.0,A,2.0,A,2.0,4.0,4.0,,,Landing Roll,0.0,,0.0,No Cloud,None,,,,,,False,False,N,False,False,False,False,False,False,False,False,False,False,False,False,False,False,False,False,False,False,False,False,False,False,False,False,False,False,False,False,False,False,False,False,,,,,UNKBM,Unknown bird - medium,NO DAMAGE/INJURY.,False,False,Yes,,1,Medium,,,/Legacy Record=100104/,REDACTED,REDACTED,FAA Form 5200-7,Tower,7/23/1997,False
608346,9/24/1990,9,1990,,Day,KRDU,RALEIGH-DURHAM INTL,35.87764,-78.78747,,NC,ASO,,,AAL,AMERICAN AIRLINES,,,MD-80,583,37,34.0,10.0,A,4.0,D,2.0,5.0,5.0,,,Take-off Run,0.0,80.0,0.0,Some Cloud,None,,,,,,False,False,N,False,False,False,False,False,False,False,False,False,False,False,False,False,False,False,False,False,False,False,False,False,False,False,False,False,False,False,False,False,False,False,False,,Aborted Take-off,,,UNKBS,Unknown bird - small,NO DAMAGE FOUND. HIT A FLOCK ASSUME 2-10.,False,False,No,2-10,2-10,Small,,,SOURCE = TWO 5200-7 REPTS /Legacy Record=100105/,REDACTED,REDACTED,FAA Form 5200-7,Pilot,12/22/1998,False
608347,10/21/1996,10,1996,,,KSAN,SAN DIEGO INTL,32.73356,-117.18966,,CA,AWP,,,UAL,UNITED AIRLINES,,56,B-757-200,148,26,34.0,40.0,A,4.0,D,2.0,1.0,1.0,,,Approach,,,,,,,,,,,False,False,N,False,False,True,False,False,False,False,False,False,False,False,False,False,False,False,False,False,False,False,False,False,False,False,False,False,False,False,False,False,False,False,False,,,,,UNKBM,Unknown bird - medium,SHORT FINAL. STRIKE ON F/O SLIDING WINDOW. MX INSPECTED. NO DAMAGES.,False,False,Unknown,,1,Medium,,,/Legacy Record=100106/,REDACTED,REDACTED,Air Transport Report,Air Transport Operations,12/20/2007,False
608348,10/22/1996,10,1996,,,KSFO,SAN FRANCISCO INTL ARPT,37.619,-122.37484,,CA,AWP,,,UAL,UNITED AIRLINES,,2135,B-737-300,148,24,10.0,1.0,A,4.0,D,2.0,1.0,1.0,,,Landing Roll,0.0,90.0,0.0,,,,,,,,False,False,N,False,False,False,False,False,False,False,False,False,False,False,False,False,False,False,False,False,False,False,False,False,False,True,False,False,False,False,False,False,False,False,False,,,,,UNKBS,Unknown bird - small,"GLANCING BLOW ABOVE THE CAPT. EYEBROW WINDOWS. LOGGED IN LOGBOOK, DISPATCH NOTIFIED PER THE FOM. MX REPORTED NO DAMAGE.",False,False,Unknown,,1,Small,,,/Legacy Record=100107/,REDACTED,REDACTED,Air Transport Report,Air Transport Operations,12/20/2007,False
608349,5/6/1990,5,1990,,Day,KALB,ALBANY INTL,42.74812,-73.80298,,NY,AEA,,,USA,1US AIRWAYS,,,DC-9,583,90,34.0,10.0,A,4.0,D,2.0,5.0,5.0,,,Take-off Run,0.0,120.0,0.0,Some Cloud,None,,,,,,False,False,N,False,False,False,False,False,False,False,False,False,False,False,False,False,False,False,False,False,False,False,False,False,False,False,False,False,False,False,False,False,False,False,False,,,,,YL001,European starling,NO DAMAGE KNOWN AT THIS TIME.,False,False,No,,1,Small,,,/Legacy Record=100108/,REDACTED,REDACTED,FAA Form 5200-7,,3/9/1999,False
608350,5/10/1991,5,1991,,Night,KONT,ONTARIO INTL ARPT,34.056,-117.60119,26L,CA,AWP,,,UPS,UPS AIRLINES,N402UP,,B-757-200,148,26,34.0,40.0,A,4.0,D,2.0,1.0,1.0,,,Descent,9000.0,210.0,,No Cloud,None,,,,,,False,True,M?,False,False,False,False,False,False,True,True,False,False,False,False,False,False,False,False,False,False,False,False,True,True,True,True,False,False,True,True,False,False,False,False,,None,,,J2204,Canada goose,"BASED ON IMPACT RESIDUE, SUSPECT BIRDS WERE GEESE.  BIRDS  BECAME VISIBLE IN LANDING LIGHTS A FRACTION OF SECOND BEFORE  IMPACT.  ONLY ONE IMPACT WAS HEARD/FELT.  STRANGE IMPACT  DAMAGE--SIDE OF FUSELAGE WAS PEELED BACK 1 1/2""X6"" AT JOINT.",False,False,No,2-10,11-100,Large,,,/Legacy Record=100109/,REDACTED,REDACTED,FAA Form 5200-7,,3/19/2001,False
608351,5/19/1990,5,1990,,Day,KMDW,CHICAGO MIDWAY INTL ARPT,41.78598,-87.75242,,IL,AGL,,,MDW,MIDWAY AIRLINES,,,DC-9-30,583,21,34.0,10.0,A,4.0,D,2.0,5.0,5.0,,,Approach,60.0,140.0,,Some Cloud,None,,,,,,False,False,N,False,False,False,False,False,False,False,False,False,False,False,False,False,False,False,False,False,False,False,False,False,False,False,False,False,False,False,False,False,False,False,False,,,,,NE1,Gulls,NO DAMAGE,False,False,Yes,2-10,2-10,Medium,,,/Legacy Record=100110/,REDACTED,REDACTED,FAA Form 5200-7,,3/8/1999,False
608353,2/22/1991,2,1991,,Day,KCSG,COLUMBUS ARPT,32.51633,-84.93886,,GA,ASO,,,DAL,DELTA AIR LINES,,,DC-9,583,90,34.0,10.0,A,4.0,D,2.0,5.0,5.0,,,Take-off Run,0.0,,0.0,Overcast,Rain,,,,,,False,False,N,False,False,False,False,False,False,False,False,False,False,False,False,False,False,False,False,False,False,False,False,False,False,False,False,False,False,False,False,False,False,False,False,,,,,NE1,Gulls,"HIT A FLOCK, ASSUME 2-10. NO DAMAGE REPTD.",False,False,No,,2-10,Medium,,,/Legacy Record=100112/,REDACTED,REDACTED,FAA Form 5200-7,Tower,12/12/1997,False
608356,1/30/1991,1,1991,,Day,KORF,NORFOLK INTL,36.89461,-76.20122,23,VA,AEA,,,USA,1US AIRWAYS,,,DC-9,583,90,34.0,10.0,A,4.0,D,2.0,5.0,5.0,,,Landing Roll,0.0,130.0,0.0,Some Cloud,None,,,,,,False,False,N,False,False,False,False,True,False,False,False,False,False,False,False,False,False,False,False,False,False,False,False,False,False,True,False,False,False,False,False,False,False,False,False,,None,,,NE1,Gulls,NO DAMAGE/INJURY. FLT 1123. TIME = 1243 LCL.,False,False,No,,2-10,Medium,,,SOURCE = TWO 5200-7 REPTS /Legacy Record=100115/,REDACTED,REDACTED,FAA Form 5200-7,Tower,12/12/1997,False
608357,9/19/1990,9,1990,,Day,KMLI,QUAD CITY ARPT,41.44853,-90.50754,,IL,AGL,,,UNK,UNKNOWN,,,HAWKER-SDLY HS125,443,30,,,A,3.0,B,2.0,5.0,5.0,,,Approach,150.0,130.0,,Overcast,None,,,,,,False,False,N,False,False,False,False,False,False,False,False,False,False,False,False,False,False,False,False,False,False,False,False,False,False,False,False,False,False,False,False,False,False,False,False,,,,,YM1102,American crow,"HIT A FLOCK, ASSUME 2-10. NO DAMAGE.",False,False,No,,2-10,Medium,,,/Legacy Record=100116/,REDACTED,REDACTED,FAA Form 5200-7,,1/8/2002,False
608358,10/26/1990,10,1990,,Day,KHYA,CAPE COD GATEWAY AIRPORT,41.66934,-70.28036,,MA,ANE,,,ACK,NANTUCKET AIRLINES,N282GA,,C-402,226,33,13.0,16.0,A,2.0,A,2.0,4.0,4.0,,,Climb,,,,Overcast,Rain,,,,,,False,True,M,False,False,False,False,False,False,False,False,False,False,False,False,False,False,False,False,False,False,False,False,True,True,False,False,False,False,False,False,False,False,False,False,,Precautionary Landing,,,NE1,Gulls,"DAMAGE TO THE LAST FOOT OF LEFT WING. LOSS OF REVENUE, AMT UNKN. RETURNED TO LAND W/O INCIDENT. DMG REPTD AS MINOR ON FAA REPT",False,False,Yes,,1,Medium,,,SOURCE = 5200-7 & FAA AIRCRAFT ACCIDENT/INCIDENT REPT (UPDATED 5/5/08 WITH FAA REPT) OPER REPTD AS AIR CAPE ON FAA FORM AND NANTUCKET ON 5200-7 THEY ARE SISTER AIRLINES. /Legacy Record=100117/,REDACTED,REDACTED,Multiple,Pilot,5/5/2008,False
608359,8/8/1990,8,1990,,Day,KBFI,BOEING FIELD/KING COUNTY INTL ARPT,47.52999,-122.30196,31L,WA,ANM,,,BUS,BUSINESS,N67828,,C-152,226,36,7.0,7.0,A,1.0,A,1.0,7.0,,,,Climb,90.0,60.0,,No Cloud,None,,,,,,False,False,N,False,False,False,False,False,False,False,False,False,False,False,False,False,False,False,False,False,False,False,False,False,False,False,False,False,False,False,False,False,False,True,False,,None,,,ZT1,Blackbirds,UNKN WHERE BIRD HIT A/C. SMALL BLACK BIRD.,False,False,No,,1,Small,,,OPER = WINGS ALOFT /Legacy Record=100118/,REDACTED,REDACTED,FAA Form 5200-7,,2/10/1999,False
608360,8/7/1990,8,1990,,Day,KCLE,CLEVELAND-HOPKINS INTL ARPT,41.41089,-81.8494,,OH,AGL,,,MDW,MIDWAY AIRLINES,,,DC-9,583,90,34.0,10.0,A,4.0,D,2.0,5.0,5.0,,,Take-off Run,0.0,145.0,0.0,No Cloud,None,,,,,,False,False,N,False,False,False,False,False,False,False,False,False,False,False,False,False,False,False,False,False,False,False,False,False,False,False,False,False,False,False,False,False,False,False,False,,,,,UNKBM,Unknown bird - medium,NO DAMAGE/INJURY. STRUCK BIRD ON ROTATION.,False,False,No,,1,Medium,,,/Legacy Record=100119/,REDACTED,REDACTED,FAA Form 5200-7,Pilot,1/19/1999,False
